MAE,RMSE,R2,MAPE
1818.5029922690014,2723.1320959550703,0.9833806158894174,3.360049108741499
