MAE,RMSE,R2,MAPE
2166.94455933415,2784.557734001213,0.9518600671516083,3.1100683712612684
