MAE,RMSE,R2,MAPE
3070.357549530229,3982.684620586454,0.9015207209554863,4.194951960307796
