MAE,RMSE,R2,MAPE
1379.011200633383,2105.7950105920936,0.9900617551526583,2.4997683519747627
